employee_number,first_name,last_name,email,office_code,job_title
40,John,Doe,john@gmail.com,a1,manager
41,Tony,Stark,tony@gmail.com,a2,manager
42,Bruce,Wayne,bruce@gmail.com,b1,sales
43,Lucifer,Morningstar,luci@gmail.com,b2,sales
44,Christian,Bale,chris@gmail.com,c1,sales
45,Denzel,Washington,denz@gmail.com,c2,sales
46,Bill,Gates,bill@gmail.com,c3,sales
47,Jeff,Bezos,jeff@gmail.com,c4,sales
48,Munna,Tripathi,mutri@gmail.com,d1,manager
49,Oliver,Kahn,oli@gmail.com,d2,sales